store_name,store_number,address,address2,city,state,zip_code,country,phone_number,latitude,longitude,store_hours,other_fields,coming_soon
Ft. Riley,107,Ft. Riley Food Court 2,Bldg. 2210 Trooper Drive,Ft. Riley,KS,66442,U.S.A.,,39.0639194,-96.8268685,,,0
DFW Int&#039;l Airport C,70,Terminal C,Gate 22,DFW Airport,TX,75261,U.S.A.,,32.890396,-97.0376564,,,0
Dallas Love Field Airport,121,LoveField Airport Term. Bldg- Space,8008 Cedar Springs Road,Dallas,TX,75235,U.S.A.,,32.8442137,-96.8494962,,,0
Irving Mall,62,3845 Irving Mall,Unit V-17,Irving,TX,75062-5159,U.S.A.,,32.8411087,-96.9945135,,,0
Post Oak Mall,63,1500 Harvey Road,,College Station,TX,77840,U.S.A.,,30.623971,-96.304156,,,0
EXCHANGE Peterson AFB,95,1030 E. Stewart Avenue,Food Court Bldg. 2017,Colorado Springs,CO,80914,U.S.A.,,38.8212278,-104.7141792,,,0
Louis Joliet Mall,66,3340 Mall Loop Drive,Unit #FC5,Joliet,IL,60431,U.S.A.,,41.5119669,-88.1827931,,,0
Apache Mall,61,210 Apache Mall,,Rochester,MN,55902,U.S.A.,,44.0036169,-92.4819297,,,0
Chicago O&#039;Hare Airport Terminal 1,85,Fast Lane Food Court,Space T6,Chicago,IL,60666,U.S.A.,,41.9849481,-87.9089623,,,0
Chicago O&#039;Hare Airport Terminal 2,86,Rotunda Building,c/o Main Street Food Court Space R3,Chicago,IL,60666,U.S.A.,,41.9849481,-87.9089623,,,0
Chicago O&#039;Hare Airport-Terminal 3,87,H/K Terminal Food Court,Bldg. 6- O&#039;Hare Field,Chicago,IL,60666,U.S.A.,,41.9849481,-87.9089623,,,0
Lincolnwood Town Center,65,3333 West Touhy Avenue,,Lincolnwood,IL,60645,U.S.A.,,42.012145,-87.6961559,,,0
Riverchase Galleria Mall,59,2009 Riverchase,Unit #D,Birmingham,AL,35244,U.S.A.,,33.3766305,-86.8101825,,,0
EXCHANGE Keesler AFB,113,Keesler Food Court,506 Larcher Blvd.- Bldg 2306,Keesler AFB,MS,39534,U.S.A.,,30.4094159,-88.9252664,,,0
Fort Benning,98,PX Food Court,9220 Marne Road,Fort Benning,GA,31905,U.S.A.,,32.3565078,-84.9703715,,,0
Fort Bliss,81,Building 1613 Marshall Road,Lifestyle Shopping Center,Fort Bliss,TX,79906,U.S.A.,,31.8078487,-106.4081983,,,0
Wiregrass Commons Mall,60,900 Commons Drive,Unit #27- Suite 405,Dothan,AL,36303,U.S.A.,,31.2547939,-85.4237607,,,0
Devonshire Mall,137,3100 Howard Ave.,Unit #Q4,Windsor,ON,N8X 3Y8,Canada,,42.2746699,-83.0035562,,,0
Ohio Turnpike,74,46402 Middleridge Road,,Amherst,OH,44001,U.S.A.,,41.3798611,-82.2227923,,,0
Lambton Mall,169,1380 London Road,Unit FC3,Sarnia,ON,N7S 3Y1,Canada,,42.9838403,-82.3536656,,,0
Intercity Shopping Centre,156,#1-B,1000 Fort William Road,Thunder Bay,ON,P7B 6B9,Canada,,48.4022692,-89.2440292,,,0
White Oaks Mall,122,1105 Wellington Road,Unit 197,London,ON,N6E 1V4,Canada,,42.9307053,-81.2265372,,,0
Masonville Place,183,1680 Richmond St.,Unit #L-53,London,ON,N6G 3Y9,Canada,,43.0243564,-81.2781592,,,0
University of Western Ontario,193,Center Spot,1151 Richmond St,London,ON,N6A 3K7,Canada,,43.0083796,-81.2621283,,,0
Cityplace,130,333 St. Mary Avenue,#102B,Winnipeg,MB,R3C 4A5,Canada,,49.8914589,-97.1436622,,,0
Portage Place Shopping Centre,139,393 Portage Avenue,Unit #168,Winnipeg,MB,R3B 2A1,Canada,,49.8927602,-97.1471733,,,0
Garden City Shopping Centre,172,2305 McPhillips St.,Unit #317,Winnipeg,MB,R2V 3E1,Canada,,49.9532069,-97.1483675,,,0
Salt Lake City International Airport,116,776 North Terminal Dr. Space IB-2,Terminal Unit One- Suite 250,Salt Lake City,UT,84122,U.S.A.,,40.7751388,-111.9791732,,,0
Conestoga Mall,162,550 King Street North,Unit F2,Waterloo,ON,N2L 5W6,Canada,,43.4980824,-80.5274971,,,0
Stone Road Mall,148,435 Stone Road,Unit #AFC-3/2,Guelph,ON,N1G 2X6,Canada,,43.5069582,-80.2526927,,,0
Lime Ridge Mall,185,999 Upper Wentworth St.,Unit #F-3,Hamilton,ON,L9A 4X5,Canada,,43.2173505,-79.8619199,,,0
Mapleview Mall,190,900 Maple Ave.,Unit #F9- P.O. Box 77,Burlington,ON,L7S 2J8,Canada,,43.3257264,-79.820545,,,0
Ft. Bragg South Post Food Court,105,1017 Canopy Lane,Bldg. 23252,Ft. Bragg,NC,28390,U.S.A.,,35.1032533,-79.0144089,,,0
Ft. Bragg,102,Bldg 4 Mini Mall Food Court,,Ft. Bragg,NC,28307,U.S.A.,,35.139167,-78.999167,,,0
Gateway Niagara,153,424 South Service Road,Unit #R3,Grimsby,ON,L3M 5A5,Canada,,43.2062213,-79.5981268,,,0
Oakville Place,173,240 Leighland Ave.,Unit #FC4,Oakville,ON,L6H 3H6,Canada,,43.4623677,-79.687044,,,0
Square One Shopping Centre,136,100 City Centre Drive,Unit #1-135,Mississauga,ON,L5B 2C9,Canada,,43.593106,-79.6422471,,,0
Dixie Outlet Mall,200,1250 South Service Road,Unit #70,Mississauga,ON,L5E 1V4,Canada,,43.5931066,-79.5681913,,,0
N.Y. Sheridan Mall,134,1700 Wilson Ave.,Mail Box # 85,North York,ON,M3L 1B2,Canada,,43.7210065,-79.5123905,,,0
Dufferin Mall,133,900 Dufferin Street,Unit #25,Toronto,ON,M6H 4B1,Canada,,43.6568994,-79.4355343,,,0
Canada&#039;s Wonderland,163,9580 Jane Street,P.O. Box 624,Vaughan,ON,L6A 1S6,Canada,,43.8412306,-79.5390275,,,0
Promenade Mall,201,1 Promenade Circle,Unit #F-110,Thornhill,Ontario   ,L4K 4P8,Canada,,43.8158012,-79.5229319,,,0
Yorkdale Shopping Centre,188,3401 Dufferin Street,Unit FC-10,North York,ON,M6A 2T9,Canada,,43.7251083,-79.4528087,,,0
Metrocentre,147,200 Wellington St. W.,Unit 330,Toronto,ON,M5V 3C7,Canada,,43.6458589,-79.3878302,,,0
Simcoe Place,167,200 Front Street West,Unit F004,Toronto,ON,M5V 3K2,Canada,,43.6448944,-79.3861668,,,0
700 University Shopping Centre,164,700 University Avenue,Unit 3,Toronto,ON,M5G 1X6,Canada,,43.6590858,-79.3914771,,,0
Brookfield Place,145,161 Bay St.,C-220,Toronto,ON,M5J 2S1,Canada,,43.6464758,-79.3790009,,,0
Hudson&#039;s Bay Centre,129,20 Bloor Street East,Unit #F9,Toronto,ON,M4W 3G7,Canada,,43.6700726,-79.3877455,,,0
Cumberland Terrace,131,2 Bloor Street West,Space #F05,Toronto,ON,M4W 3E2,Canada,,43.6704727,-79.3872632,,,0
Yonge - Eglinton Centre,152,2300 Yonge Street,Unit #S106- PO Box #2440,Toronto,ON,M4P 1E4,Canada,,43.7071543,-79.3987777,,,0
North York City Centre,170,5150 Yonge Street,Unit F2,Toronto,ON,M2N 6L8,Canada,,43.7686976,-79.4131633,,,0
Hillcrest Mall,189,9350 Yonge Street,Unit #B4,Richmond Hill,ON,L4C 5G2,Canada,,43.8550167,-79.4363201,,,0
Fairview Mall,132,1800 Sheppard Ave. East,Unit #230- P.O. Box 6,Willowdale,ON,M2J 5A7,Canada,,43.7725887,-79.3586507,,,0
Seneca College,196,Newnham Campus - Lower Level Food Court,1750 Finch Avenue East,Toronto,ON,M2J 2X5,Canada,,43.795356,-79.349758,,,0
Eglinton Square,180,1 Eglinton Square,Unit # 118,Toronto,ON,M1L 2K1,Canada,,43.723874,-79.3014215,,,0
Georgian Mall,184,509 Bayfield Street,Unit #F-6,Barrie,ON,L4M 4M8,Canada,,44.4126929,-79.7081709,,,0
Scarborough Town Centre,128,300 Borough Drive,Unit #FC-06,Scarborough,ON,M1P 4P5,Canada,,43.7767156,-79.2585058,,,0
Markville Shopping Centre,176,5000 Highway 7,Unit# F050,Markham,ON,L3R 4M9,Canada,,43.8682046,-79.2883119,,,0
Pickering Town Centre,135,1355 Kingston Rd.,Unit #9,Pickering,ON,L1V 1B8,Canada,,43.8358558,-79.0860128,,,0
MacDill Air Force Base,104,3108 N. Boundary Road,Bldg. 926,MacDill AFB,FL,33608,U.S.A.,,27.8628366,-82.4979155,,,0
Ft. Lee,103,AAFES Main Food Court #2,1605 Shop Rd,Ft. Lee,VA,23801-1603,U.S.A.,,37.2486643,-77.3355555,,,0
Southland Mall,124,2965 Gordon Road,Unit #043,Regina,SK,S4S 6H7,Canada,,50.402473,-104.622245,,,0
Northgate Mall,150,489 Albert Street North,Unit 95,Regina,SK,S4R 3C4,Canada,,50.4823542,-104.6154319,,,0
Orlando Airport,120,Airside 3- 9702 Jeff Fuqua Blvd,,Orlando,FL,32827,U.S.A.,,28.4264105,-81.3080352,,,0
Nellis Air Force Base,88,5691 Rickenbacker Rd,Bldg 431,Nellis- AFB,NV,89191,U.S.A.,,36.2369757,-115.0464642,,,0
Monte Carlo Food Court,94,3770 S. Las Vegas Blvd.,,Las Vegas,NV,89109,U.S.A.,,36.1044875,-115.1767584,,,0
Cataraqui Town Centre,191,945 Gardiners Road,Unit L-69,Kingston,ON,K7M 7H4,Canada,,44.2563363,-76.572171,,,0
Ft. Drum AFB,100,Bldg. P 10730A,Memorial Drive,Ft. Drum,NY,13602,U.S.A.,,44.04753,-75.810473,,,0
Midtown Plaza,141,Unit #F07,201 1st Ave. South,Saskatoon,SK,S7K 1J9,Canada,,52.1275506,-106.6671508,,,0
Bayshore Shopping Centre,138,100 Bayshore Drive,Unit #T46,Nepean,ON,K2B 8C1,Canada,,45.3475864,-75.8068353,,,0
Carlingwood Mall,181,2121 Carling Ave.,Unit #723K,Ottawa,ON,K2A 1H2,Canada,,45.3727399,-75.7691431,,,0
Newark Liberty International Airport,119,Terminal A Food Court,Space #A6C,Newark,NJ,07114,U.S.A.,,40.6967435,-74.1650991,,,0
Place du Centre,202,200 Place du Portage,Unit 920,Gatineau,QC,J8X 4B7,Canada  ,,45.4268242,-75.7143686,,,0
Minto Place,168,407 Laurier Avenue West,Unit 13,Ottawa,ON,K1R 7Y7,Canada,,45.4174189,-75.7020413,,,0
Billings Bridge Plaza,151,2277 Riverside Drive,Unit #211,Ottawa,ON,K1H 7X6,Canada,,45.3866937,-75.6800146,,,0
Les Promenades Gatineau,197,"1100 Boul. Maloney, Ouest",Unit 911,Gatineau,PQ,J8T 6G3,Canada,,45.4756531,-75.699234,,,0
St. Laurent Shopping Centre,146,1200 St. Laurent Blvd.,Unit #U-600- Box 110,Ottawa,ON,K1K 3B8,Canada,,45.4230326,-75.6401591,,,0
Miami International Airport 2nd Location,112,4200 NW 21 Street,Space B104- Concourse D - 2 level,Miami,FL,33122,U.S.A.,,25.8035656,-80.3185252,,,0
Fairview Pointe Claire,123,6801- route Transcanadienne,Unit #G23,Pointe Claire,PQ,H9R 5J2,Canada,,45.4628699,-73.8306686,,,0
Le Carrefour Laval,125,3035 Boul. Le Carrefour,Space #N-014,Laval,PQ,H7T 1C8,Canada,,45.5701739,-73.7519887,,,0
Le Galeries D&#039;Anjou,126,7999 Boul. Les Galeries d&#039;Anjou,Unit F-004,Ville d&#039;Anjou,PQ,H1M 1W9,Canada,,45.6005276,-73.5685518,,,0
Promenades St. Bruno,198,158 Boul. des Promenades,Unit FC-02,St-Bruno,QC,J3V 5K1,Canada ,,45.504074,-73.3814199,,,0
Southcentre Mall,166,100 Anderson Road- S. E.,#FC14,Calgary,AB,T2J 3V1,Canada,,50.9527554,-114.0670022,,,0
Marlborough Town Square,182,3800 Memorial Drive N.E.,Space #59,Calgary,AB,T2A 2K2,Canada,,51.052936,-113.9631691,,,0
Chinook Centre,177,6455 Macleod Trail S.W.,Unit #F19,Calgary,AB,T2H 0L1,Canada,,50.996067,-114.073148,,,0
Calgary Eaton Centre,157,715 - 3rd Street S.W.,Unit 416,Calgary,AB,T2P 4K8,Canada,,51.0506663,-114.0765254,,,0
Calgary International Airport,149,2000 Airport Road North East,Unit # 106,Calgary,AB,T2E 6W5,Canada,,51.1343066,-114.0099279,,,0
Calgary International Airport #2,161,2000 Airport Road N.E,HMS Host- Concourse D- P.O. Box 160,Calgary,AB,T2E 6W5,Canada,,51.1335737,-114.0216414,,,0
Carrefour De L’Estrie,199,3050 Boulevard Portland 102,,"Sherbrooke, QC",J1L, 1K1,Canada,(819) 563-1072 ,45.4032052,-71.9530383,,,0
Bower Place Mall,174,4900 - 28th St.,Unit #202,Red Deer,AB,T4R 1N9,Canada,,52.2449083,-113.8159498,,,0
Londonderry Mall,144,137th Ave. &amp; 66th St.,Unit 777,Edmonton,AB,T5C 3C8,Canada,,53.599753,-113.4545109,,,0
Seattle Tacoma International Airport,80,Space CA-4A,Concourse - A,Seattle,WA,98168,U.S.A.,,47.4484297,-122.3022034,,,0
EXCHANGE-McChord,83,Bldg. #504 - A Street,,McChord AFB,WA,98438,U.S.A.,,47.126535,-122.495284,,,0
EXCHANGE - Ft. Lewis,77,Building 5280 41st Division Drive,,Fort Lewis,WA,98433-5000,U.S.A.,,47.1070767,-122.5924341,,,0
Sevenoaks Mall,154,32900 South Fraser Way,#405,Abbotsford,BC,V2S 5A1,Canada,,49.0498975,-122.3124766,,,0
Central City Shopping Centre,158,Unit 703- 2729 Central City,10153 King George Blvd,Surrey,BC,V3T 2W1,Canada,,49.1076089,-122.8350549,,,0
Lougheed Mall,192,9855 Austin Rd.,Unit #724K,Burnaby,BC,V3J 1N4,Canada,,49.251182,-122.89547,,,0
Mayfair Shopping Centre,171,3417 Douglas Street,Unit #FC9,Victoria,BC,V8Z 6E3,Canada,,48.4470314,-123.3694244,,,0
Metropolis at Metrotown,140,#343 - 4820 Kingsway,Food Court Bldg. 2017,Burnaby,BC,V5H 4P1,Canada,,49.2267429,-122.9956403,,,0
Brentwood Mall,165,4567 Lougheed Highway,#728K,Burnaby,BC,V5C 3Z6,Canada,,49.2675011,-123.0006932,,,0
Capilano Mall,186,935 Marine Drive,Unit #11,North Vancouver,BC,V7P 1S3,Canada,,49.3222222,-123.0993128,,,0
Regent Mall,142,1381 Regent St.,Space #P4,Fredericton,NB,E3C 1A2,Canada,,45.9336071,-66.6624763,,,0
Woodgrove Centre,155,6631 Island Highway N.,Space #F10,Nanaimo,BC,V9T 4T7,Canada,,49.2385025,-124.0492504,,,0
Champlain Place Shopping Centre,178,477 Paul Street,Unit # B-12,Dieppe,NB,E1A 4X5,Canada,,46.0983441,-64.7584035,,,0
Halifax Shopping Centre,143,7001 Mumford Road,Unit 724K Box 6,Halifax,NS,B3L 4N9,Canada,,44.6488055,-63.6186784,,,0
Mic Mac Mall,175,21 Mic Mac Blvd.,Store #349,Dartmouth,NS,B3A 4K8,Canada,,44.684971,-63.5539439,,,0
