store_name,store_number,address,address2,city,state,zip_code,country,phone_number,latitude,longitude,store_hours,other_fields,coming_soon
Commerce & Presa,3473052,412 E Commerce St,,"San Antonio,",TX,78205,US,,,,,,
Cypress & Jackson,3473080,516 W Cypress,,"San Antonio,",TX,78212,US,,,,,,
Roosevelt & Steves,3472596,1118 Roosevelt Avenue,,"San Antonio,",TX,78210,US,,,,,,
Broadway & Eleanor,3472807,3130 Broadway St,,"San Antonio,",TX,78209,US,,,,,,
I35 & Division,3472582,4720 Interstate 35 S,,"San Antonio,",TX,78211,US,,,,,,
AT&T Center,3472331,AT&T Center Parkway,,"San Antonio,",TX,78219,US,,,,,,
Roland & I10,3472583,303 Roland Rd,,"San Antonio,",TX,78210,US,,,,,,
New Braunfels & Fair,3472464,3500 S New Braunfels,,"San Antonio,",TX,78223,US,,,,,,
Commerce & General McMullen,3472347,4646 W Commerce St,,"San Antonio,",TX,78237,US,,,,,,
San Pedro & Basse,3472401,5900 San Pedro Ave,,"San Antonio,",TX,78212,US,,,,,,
Houston Tunnel,3472332,1000 Main St,,"Houston,",TX,77002,US,,,,,,
SW Military & Boswell,3472846,503 SW Military Dr,,"San Antonio,",TX,78221,US,,,,,,
West & San Angelo,3472574,2727 West Ave,,"San Antonio,",TX,78201,US,,,,,,
Zarzamora & SW Military,3472438,7007 S Zarzamora St,,"San Antonio,",TX,78224,US,,,,,,
Austin Hwy & Seidel,3473077,1243 Austin Highway,,"San Antonio,",TX,78209,US,,,,,,
Fredericksburg & Crossroads,3472514,4502 Fredericksburg Rd,,"Balcones Heights,",TX,78201,US,,,,,,
SE Military & City Base Landing,3472892,3239 SE Military Dr,,"San Antonio,",TX,78223,US,,,,,,
Rigsby & Semlinger,3472565,5075 Rigsby Ave,,"San Antonio,",TX,78222,US,,,,,,
Main & I45,3472689,3636 N Main St,,"Houston,",TX,77009,US,,,,,,
Shepherd & Farnham,3472510,3712 S Shepherd Dr,,"Houston,",TX,77098,US,,,,,,
Old Spanish Trail & La Salette,3472508,3624 Old Spanish Trl,,"Houston,",TX,77021,US,,,,,,
Westheimer & Timmons,3472507,3639 Westheimer Rd,,"Houston,",TX,77027,US,,,,,,
Harrisburg & S 69th,3472505,6914 Harrisburg Blvd,,"Houston,",TX,77011,US,,,,,,
Loop 610 & Brinkman,3472430,905 North Loop W,,"Houston,",TX,77008,US,,,,,,
Holcombe & Greenbriar,3473025,2265 W Holcombe Blvd,,"Houston,",TX,77030,US,,,,,,
Hwy 281 & Sunset,3472765,8481 N US Highway 281,,"San Antonio,",TX,78216,US,,,,,,
Loop 410 & Callaghan,3473014,4590 NW Loop 410,,"San Antonio,",TX,78229,US,,,,,,
Loop 410 & Broadway,3472847,8426 Broadway St,,"San Antonio,",TX,78209,US,,,,,,
Loop 410 & Vance Jackson,3472825,2557 NW Loop 410,,"San Antonio,",TX,78230,US,,,,,,
I69 & Edloe,3472770,3797 Southwest Fwy,,"Houston,",TX,77027,US,,,,,,
Wayside & I10,3472367,1700 N Wayside Dr,,"Houston,",TX,77020,US,,,,,,
I45 & Airline,3472444,4545 North Fwy,,"Houston,",TX,77022,US,,,,,,
Loop 610 & Homestead,3472703,7001 North Loop E,,"Houston,",TX,77028,US,,,,,,
Loop 610 & 18th,3472486,1718 West Loop N,,"Houston,",TX,77008,US,,,,,,
Rittiman & I35,3472571,4635 Rittiman Rd,,"San Antonio,",TX,78218,US,,,,,,
San Pedro & Ramsey,3472787,10011 San Pedro,,"San Antonio,",TX,78216,US,,,,,,
Fredericksburg & Medical,3544423,8002 Fredericksburg Rd,,"San Antonio,",TX,78229,US,,,,,,
Loop 410 & Palo Alto,3472982,12510 SW Loop 410,,"San Antonio,",TX,78211,US,,,,,,
Loop 410 & Wurzbach,3472538,3202 Wurzbach Rd,,"San Antonio,",TX,78238,US,,,,,,
I35 & Walzem,3472524,8300 N. IH 35,,"Windcrest,",TX,78239,US,,,,,,
I45 & Woodridge,3472806,6888 Gulf Fwy,,"Houston,",TX,77087,US,,,,,,
Silber & Hartland,3473100,1110 Silber Rd,,"Houston,",TX,77055,US,,,,,,
Chimney Rock & Val Verde,3472504,2820 Chimney Rock Rd,,"Houston,",TX,77056,US,,,,,,
Loop 610 & Main,3472664,9955 Main St,,"Houston,",TX,77025,US,,,,,,
San Felipe & Winrock,3472506,6405 San Felipe St,,"Houston,",TX,77057,US,,,,,,
Telephone & Pecan Villas,3472503,6402 Telephone Rd,,"Houston,",TX,77061,US,,,,,,
NW Military & Wurzbach,3472547,11003 NW Military Hwy,,"San Antonio,",TX,78231,US,,,,,,
Bandera & Huebner,3472539,7016 Bandera Rd,,"Leon Valley,",TX,78238,US,,,,,,
Marbach & Loop 410,3472542,8214 Marbach Rd,,"San Antonio,",TX,78227,US,,,,,,
Hwy 151 & Loop 410,3472959,8319 State Highway 151,,"San Antonio,",TX,78245,US,,,,,,
Nacogdoches & Rio Doro,3472391,12309 Nacogdoches Rd,,"San Antonio,",TX,78217,US,,,,,,
Grissom & Timber Path,3472549,8756 Grissom Rd,,"San Antonio,",TX,78251,US,,,,,,
I45& Little York,3472452,444 W Little York Rd,,"Houston,",TX,77076,US,,,,,,
I69 & Little York,3472949,4040 Little York Rd,,"Houston,",TX,77093,US,,,,,,
Antoine & Hoover,3472463,5050 Antoine Dr,,"Houston,",TX,77092,US,,,,,,
I69 & Hillcroft,3472773,6520 Southwest Fwy,,"Houston,",TX,77074,US,,,,,,
Post Oak & Runnymeade,3472738,10310 S. Post Oak Road,,"Houston,",TX,77035,US,,,,,,
Long Point & Spring Branch,3472457,8941 Long Point Rd,,"Houston,",TX,77055,US,,,,,,
Fondren & Dashwood,3472509,6705 Fondren Rd,,"Houston,",TX,77036,US,,,,,,
Blanco & Bitters,3472857,14646 Blanco Rd.,,"San Antonio,",TX,78216,US,,,,,,
Seguin & Walzem,3472786,7725 FM 78,,"San Antonio,",TX,78244,US,,,,,,
Hwy 281 & Brook Hollow,3472349,14543 Brook Hollow Blvd,,"San Antonio,",TX,78232,US,,,,,,
Babcock & Prue,3472777,6391 Babcock Rd,,"San Antonio,",TX,78240,US,,,,,,
De Zavala & I10,3472792,12808 Ih-10 West,,"San Antonio,",TX,78249,US,,,,,,
O'Connor & Nacogdoches,3472570,13900 O'Connor Road,,"San Antonio,",TX,78233,US,,,,,,
Loop 1604 & I10E,3780760,3839 E. 1604  N,,"Converse,",TX,78109,US,,,,,,
Hwy 290 & Hollister,3472371,13270 Northwest Fwy,,"Houston,",TX,77040,US,,,,,,
Gessner & I10,3472346,1040 Gessner Rd,,"Houston,",TX,77055,US,,,,,,
West Road & I45,3472741,211 West Rd,,"Houston,",TX,77038,US,,,,,,
I10 & Market,3472328,13728 East Freeway,,"Houston,",TX,77015,US,,,,,,
Southmore & Witter,3472459,810 Southmore Ave,,"Pasadena,",TX,77502,US,,,,,,
Bellfort & Braesridge,3472676,7629 W Bellfort St,,"Houston,",TX,77071,US,,,,,,
I35 & Topperwein,3472595,12806 IH 35 North,,"Live Oak,",TX,78233,US,,,,,,
Loop 1604 & Marbach,3473123,2870 W Loop 1604 S,,"San Antonio,",TX,78245,US,,,,,,
1604 & Bulverde,3473061,17311 Bulverde Rd,,"San Antonio,",TX,78247,US,,,,,,
Blanco & Loop 1604,3472819,18330 Blanco Rd,,"San Antonio,",TX,78258,US,,,,,,
Hwy 281 & Loop 1604,3472764,18417 US Highway 281 N,,"San Antonio,",TX,78258,US,,,,,,
Loop 1604 & Potranco,3472979,530 W Loop 1604 N,,"San Antonio,",TX,78251,US,,,,,,
Loop 1604 & Culebra,3472853,5760 W Loop 1604 N,,"San Antonio,",TX,78251,US,,,,,,
1604 & La Canterra,3472737,6803 N Loop 1604 W,,"San Antonio,",TX,78249,US,,,,,,
Gessner & Hammerly,3472454,2429 Gessner Rd,,"Houston,",TX,77080,US,,,,,,
Clearwood & I45,3472637,8927 Clearwood Dr,,"Houston,",TX,77075,US,,,,,,
Beltway 8 & Westheimer,3472815,2720 W Sam Houston Pkwy S,,"Houston,",TX,77042,US,,,,,,
Spencer & Shaver,3472411,2301 Spencer Hwy,,"Pasadena,",TX,77504,US,,,,,,
Bissonnet & I69,3472697,9517 Bissonnet St,,"Houston,",TX,77036,US,,,,,,
249 & Atoine,3472876,12424 Tomball Pkwy,,"Houston,",TX,77086,US,,,,,,
Loop 1604 & Bandara,3472776,9263 N Loop 1604 W,,"San Antonio,",TX,78249,US,,,,,,
Loop 1604 & Nacogdoches,3472772,6950 N Loop 1604 E,,"San Antonio,",TX,78247,US,,,,,,
Beltway 8 & Beechnut,3473047,8134 W Sam Houston Pkwy S,,"Houston,",TX,77072,US,,,,,,
Hwy 288 & Shadow Creek,3473082,11025 Shadow Creek Parkway,,"Pearland,",TX,77584,US,,,,,,
Wallisville & Overland Park,3472875,15329 Wallisville Rd.,,"Houston,",TX,77049,US,,,,,,
Beltway 8 & Fort Bend Toll Rd,3472984,7418 S Sam Houston Pkwy W,,"Houston,",TX,77085,US,,,,,,
Beltway 8 & Greenspoint,3472734,181 N Sam Houston Pkwy E,,"Houston,",TX,77060,US,,,,,,
Fuqua & Park Fuqua,3472352,11027 Fuqua St,,"Houston,",TX,77089,US,,,,,,
Westheimer & Shadowbriar,3472382,12401 Westheimer Rd,,"Houston,",TX,77077,US,,,,,,
I10 & Kirkwood,3472450,12121 Katy Fwy,,"Houston,",TX,77079,US,,,,,,
Hwy 109 & Chester,3472920,3860 University Blvd W,,"Jacksonville,",FL,32217,US,,,,,,
Beltway 8 & Wilson,3472976,4831 Wilson Rd,,"Humble,",TX,77396,US,,,,,,
Red Bluff & Pasadena,3472460,3939 Red Bluff Rd,,"Pasadena,",TX,77503,US,,,,,,
Fairmont & Yuma,3472546,4831 Fairmont Pkwy,,"Pasadena,",TX,77505,US,,,,,,
Hwy 288 & Broadway,3472873,3040 Silverlake Village Dr,,"Pearland,",TX,77584,US,,,,,,
Hwy 90 & Southside Blvd,3472922,8840 Beach Blvd,,"Jacksonville,",FL,32216,US,,,,,,
Philips Hwy & Bonneval,3472909,7165 Philips Hwy,,"Jacksonville,",FL,32256,US,,,,,,
FM 228 & Normandy Village Pkwy,3472929,7755 Normandy Blvd,,"Jacksonville,",FL,32221,US,,,,,,
FL 21 & Baltimore,3473002,289 Blanding Blvd,,"Orange Park,",FL,32073,US,,,,,,
Hwy 10 & Penman,3472916,1201 Atlantic Blvd,,"Neptune Beach,",FL,32266,US,,,,,,
CR 220 & Town Center,3472918,1517 County Road 220,,"Orange Park,",FL,32003,US,,,,,,
FL 200 - Yulee,3472947,463773 State Rd 200,,"Yulee,",FL,32097,US,,,,,,
Haskell & Capitol,3472802,2428 N Haskell Ave,,"Dallas,",TX,75204,US,,,,,,
I35 & Inwood,3472784,2741 N Stemmons Fwy,,"Dallas,",TX,75207,US,,,,,,
Lemmon & Versailles,3472474,5500 Lemmon Ave,,"Dallas,",TX,75209,US,,,,,,
Dallas Love Field,3473065,8008 Cedar Springs Road,,"Dallas,",TX,75235,US,,,,,,
I30 & Cockrell Hill,3472902,1560 North Cockrell Hill,,"Dallas,",TX,75211,US,,,,,,
Greenville & Caruth Haven,3472709,6061 Greenville Ave,,"Dallas,",TX,75206,US,,,,,,
I35 & Regal Row,3472643,8850 N Stemmons Fwy,,"Dallas,",TX,75247,US,,,,,,
Skillman & Retail,3473041,6232 Retail Rd,,"Dallas,",TX,75231,US,,,,,,
Buckner & Samuell,3472345,5525 S Buckner Blvd,,"Dallas,",TX,75227,US,,,,,,
Hwy 12 & Webb Chapel,3472743,3710 W Northwest Hwy,,"Dallas,",TX,75220,US,,,,,,
Loop 12 & Hwy 356,3472368,410 S Loop 12 (no change),,"Irving,",TX,75060,US,,,,,,
Town & Motley,3472529,3204 Town East Blvd.,,"Mesquite,",TX,75150,US,,,,,,
Camp Wisdom & Hwy 67,3472698,3222 W Camp Wisdom Rd,,"Dallas,",TX,75237,US,,,,,,
Northwest Hwy & Executive,3472432,11721 E. NW Highway,,"Dallas,",TX,75218,US,,,,,,
Hwy 342 & Cherry Valley,3472886,8501 S Lancaster Rd,,"Dallas,",TX,75241,US,,,,,,
I20 & Houston School,3472879,3797 N Houston School Rd,,"Lancaster,",TX,75134,US,,,,,,
Hwy 75 & Forest,3472785,11880 N. Central Expwy,,"Dallas,",TX,75243,US,,,,,,
I635 & Abrams,3472481,9394 Lyndon B Johnson Fwy,,"Dallas,",TX,75243,US,,,,,,
Military & Loop 635,3472604,1726 Military Parkway,,"Mesquite,",TX,75149,US,,,,,,
I45 & Palestine,3472933,215 N Interstate 45 Service Rd,,"Hutchins,",TX,75141,US,,,,,,
Forest & Webb Chapel,3472761,3105 Forest Ln,,"Dallas,",TX,75234,US,,,,,,
Duncanville & Camp Widsom,3472449,311 W Camp Wisdom Rd,,"Duncanville,",TX,75116,US,,,,,,
Plano & Forest,3472862,11740 Plano Rd.,,"Dallas,",TX,75243,US,,,,,,
Loop 635 & Lake June,3472389,12100 Lake June Rd,,"Balch Springs,",TX,75180,US,,,,,,
Galloway & Americana,3472361,2943 N Galloway Ave,,"Mesquite,",TX,75150,US,,,,,,
Hwy 183 & Story,3472586,2515 W Airport Fwy,,"Irving,",TX,75062,US,,,,,,
Kearney & Bryan Belt Line,3472343,128 E Kearney St,,"Mesquite,",TX,75149,US,,,,,,
Hwy 67 & Danieldale,3472917,501 East Highway 67,,"Duncanville,",TX,75137,US,,,,,,
Centerville & Broadway,3472344,725 E Centerville Rd,,"Garland,",TX,75041,US,,,,,,
Belt Line & Rochelle,3472522,2931 N Belt Line Rd,,"Irving,",TX,75062,US,,,,,,
Pleasant Run & Hampton,3472564,203 E Pleasant Run Rd,,"Desoto,",TX,75115,US,,,,,,
Monfort & Arapaho,3472387,15255 Montfort Dr,,"Dallas,",TX,75248,US,,,,,,
Broadway & Castleglen,3472487,5806 Broadway Blvd.,,"Garland,",TX,75043,US,,,,,,
Plano & Belt Line,3473031,505 S Plano Rd,,"Richardson,",TX,75081,US,,,,,,
I35 & Belt Line,3472373,120 N Beckley St,,"Lancaster,",TX,75146,US,,,,,,
Pioneer & SW 3rd,3472617,421 W Pioneer Pkwy,,"Grand Prairie,",TX,75051,US,,,,,,
Belt Line & Nix,3472680,2108 E Belt Line Rd,,"Carrollton,",TX,75006,US,,,,,,
Hwy 161 & I30,3472557,1404 N.W. 19th Street,,"Grand Prairie,",TX,75050,US,,,,,,
Loop 635 & MacArthur,3472877,850 Market Pl,,"Irving,",TX,75063,US,,,,,,
Buckingham & Garland,3472597,1506 W. Buckingham Blvd.,,"Garland,",TX,75042,US,,,,,,
Belt Line & Elerson,3472978,961 W Belt Line Rd,,"Desoto,",TX,75115,US,,,,,,
Hwy 183 & Valley View,3472810,4920 W Airport Fwy,,"Irving,",TX,75062,US,,,,,,
Cambell & Coit,3472494,1910 N Coit Rd,,"Richardson,",TX,75080,US,,,,,,
I20 & Carrier,3472813,3845 S Carrier Pkwy,,"Grand Prairie,",TX,75052,US,,,,,,
Hwy 1382 & Hwy 67,3472716,211 E FM 1382,,"Cedar Hill,",TX,75104,US,,,,,,
Hwy 97 & Rental Car,3473063,2344 East Rental Car Drive,,"Euless,",TX,76155,US,,,,,,
Hwy 360 & Post N Paddock,3472845,2710 N State Highway 360,,"Grand Prairie,",TX,75050,US,,,,,,
Dallas Pkwy & Frankford,3472745,18180 Dallas Pkwy,,"Dallas,",TX,75287,US,,,,,,
Hwy 66 & Main,3472869,2500 Lakeview Pkwy,,"Rowlett,",TX,75088,US,,,,,,
Hwy 360 & Abram,3472702,211 S Watson Rd,,"Arlington,",TX,76010,US,,,,,,
McDowell & N 7th,3472497,737 E McDowell Rd,,"Phoenix,",AZ,85006,US,,,,,,
19th & Durango,3472691,1840 S 19th Ave,,"Phoenix,",AZ,85009,US,,,,,,
Indian School & N 5th,3472496,450 W Indian School Rd,,"Phoenix,",AZ,85013,US,,,,,,
I17 & Bethany Home,3472826,2460 W Bethany Home Rd,,"Phoenix,",AZ,85015,US,,,,,,
48th & Broadway,3472830,4610 S 48th St,,"Phoenix,",AZ,85040,US,,,,,,
75th & Encanto,3472730,2040 N 75th Ave,,"Phoenix,",AZ,85035,US,,,,,,
Rural & Spence,3472498,1346 South Rural Road,,"Tempe,",AZ,85281,US,,,,,,
Hayden & Thomas,3472495,2955 N Hayden Rd,,"Scottsdale,",AZ,85251,US,,,,,,
I17 & Thunderbird,3473043,2910 W Thunderbird Rd,,"Phoenix,",AZ,85053,US,,,,,,
Chandler & Southgate,3472732,7375 W Chandler Blvd,,"Chandler,",AZ,85226,US,,,,,,
Broadway & Dobson,3472611,1947 W Broadway Rd,,"Mesa,",AZ,85202,US,,,,,,
Bell & 29th,3472632,2901 E Bell Rd,,"Phoenix,",AZ,85032,US,,,,,,
Hwy 69 - Glendale,3472747,4280 W Bell Rd,,"Glendale,",AZ,85308,US,,,,,,
90th & Mountain View,3472795,9990 N 90th St,,"Scottsdale,",AZ,85258,US,,,,,,
Dysart & Van Buren,3472693,1460 North Dysart Road,,"Avondale,",AZ,85323,US,,,,,,
Bell & 89th,3472790,8922 W Bell Rd,,"Peoria,",AZ,85382,US,,,,,,
West Indian School & Litchfield,3472833,14251 West Indian School Bypass,,"Goodyear,",AZ,85395,US,,,,,,
Broadway & Lindsay,3472834,2747 E Broadway Rd,,"Mesa,",AZ,85204,US,,,,,,
Hwy 287 - Casa Grande,3472501,405 E Florence Blvd,,"Casa Grande,",AZ,85122,US,,,,,,
University & Mesa,3472550,2201 N Mesa St,,"El Paso,",TX,79902,US,,,,,,
Paisano & Piedras,3472573,2130 E Paisano Dr,,"El Paso,",TX,79905,US,,,,,,
Dyer & Tompkins,3472629,3500 Dyer St,,"El Paso,",TX,79930,US,,,,,,
Montana & Trowbridge,3472453,5600 Montana Ave,,"El Paso,",TX,79925,US,,,,,,
Sunland Park & Cromo,3472488,650 Sunland Park Dr,,"El Paso,",TX,79912,US,,,,,,
Airway & Edgemere,3472628,1230 Airway Blvd.,,"El Paso,",TX,79925,US,,,,,,
Hwy 54 & Dyer,3472537,8101 Dyer St,,"El Paso,",TX,79904,US,,,,,,
I10 & Hunter,3472606,7400 Gateway Blvd E,,"El Paso,",TX,79915,US,,,,,,
Montana & Rutherglen,3472418,9500 Montana Ave,,"El Paso,",TX,79925,US,,,,,,
Resler & Redd,3472760,870 N Resler Dr,,"El Paso,",TX,79912,US,,,,,,
N Loop & Yarbrough,3472579,8055 North Loop,,"El Paso,",TX,79915,US,,,,,,
Yarbrough & Vista Del Sol,3472377,1198 N Yarbrough Dr,,"El Paso,",TX,79925,US,,,,,,
Doniphan & Thorn,3472622,5270 Doniphan Dr,,"El Paso,",TX,79932,US,,,,,,
I10 & Lomaland,3472707,11075 Gateway West,,"El Paso,",TX,79935,US,,,,,,
Lee Trevino & Weston Brent,3472480,1755 N Lee Trevino Dr,,"El Paso,",TX,79936,US,,,,,,
Loop 375 and Hwy 54,3472376,4640 Woodrow Bean Transmountain Dr,,"El Paso,",TX,79924,US,,,,,,
Fairbanks & Dyer,3472605,5779 Fairbanks Dr,,"El Paso,",TX,79924,US,,,,,,
George Dieter & I10,3472714,1310 George Dieter Dr,,"El Paso,",TX,79936,US,,,,,,
Americas Avenue & Alameda,3472577,131 Americas Avenue South,,"El Paso,",TX,79907,US,,,,,,
I10 - Canutillo,3473010,7057 S Desert Blvd,,"Canutillo,",TX,79835,US,,,,,,
Hwy 375 & Montwood,3472755,12140 Montwood Drive,,"El Paso,",TX,79936,US,,,,,,
Montana & Tierra Este,3473106,12302 Montana Ave,,"El Paso,",TX,79938,US,,,,,,
FM 20 - Socorro,3473098,10401 Alameda Ave,,"Socorro,",TX,79927,US,,,,,,
Horizon & Darrington,3473081,13910 Horizon Blvd,,"Horizon City,",TX,79928,US,,,,,,
I-10 & University,3472639,190 East University Avenue,,"Las Cruces,",NM,88005,US,,,,,,
I25 & Lohman,3472848,375 South Telshor Blvd.,,"Las Cruces,",NM,88011,US,,,,,,
Main & Solano,3472370,2460 N Main St,,"Las Cruces,",NM,88001,US,,,,,,
Beach & Airport Fwy,3472477,955 N Beach St,,"Fort Worth,",TX,76111,US,,,,,,
Hemphill & Morningside,3472342,2600 Hemphill St,,"Fort Worth,",TX,76110,US,,,,,,
I30 & Montgomery,3472671,3701 West Fwy,,"Fort Worth,",TX,76107,US,,,,,,
28th & Commerce,3472670,109 N.E. 28th Street,,"Fort Worth,",TX,76106,US,,,,,,
FM 199 & FM 183,3473105,2236 Jacksboro Hwy,,"Fort Worth,",TX,76114,US,,,,,,
Berry & Forest Park,3472706,2401 West Berry Street,,"Fort Worth,",TX,76110,US,,,,,,
Lancaster & Chicago,3472420,4051 E Lancaster Ave,,"Fort Worth,",TX,76103,US,,,,,,
Seminary & Evans,3472669,901 E Seminary Dr,,"Fort Worth,",TX,76115,US,,,,,,
Hwy 183 & Roaring Springs,3473012,6520 Westworth Blvd,,"Westworth Village,",TX,76114,US,,,,,,
Blue Mound & Loop 820,3472658,5455 Blue Mound Rd,,"Saginaw,",TX,76106,US,,,,,,
Lake Worth & Loop 820,3472566,6120 Lake Worth Blvd,,"Lake Worth,",TX,76135,US,,,,,,
Loop 820 & Beach,3472783,5351 N Beach St,,"Fort Worth,",TX,76137,US,,,,,,
Brentwood Stair & Brentwood,3472587,6469 Brentwood Stair Rd,,"Fort Worth,",TX,76112,US,,,,,,
Loop 820 & Wichita,3472684,3160 SE Loop 820,,"Fort Worth,",TX,76140,US,,,,,,
Hwy 287 & Western Center,3472891,3000 Western Center Blvd,,"Fort Worth,",TX,76131,US,,,,,,
Cherry & Camp Bowie,3472443,3313 Cherry Ln,,"Fort Worth,",TX,76116,US,,,,,,
Altamesa & McCart,3472560,3501 Alta Mesa Blvd.,,"Fort Worth,",TX,76133,US,,,,,,
Hulen Bend & Hulen,3472687,6225 Hulen Bend Road,,"Fort Worth,",TX,76132,US,,,,,,
Rufe Snow & Browning,3472575,5501 Rufe Snow Dr,,"North Richland Hills,",TX,76180,US,,,,,,
Sycamore School & I35W,3472492,125 Sycamore School Rd.,,"Fort Worth,",TX,76134,US,,,,,,
Hwy 287 - Saginaw,3473084,1021 N Saginaw Blvd,,"Saginaw,",TX,76179,US,,,,,,
I820 & White Settlement,3472927,9501 White Settlement Rd,,"Fort Worth,",TX,76108,US,,,,,,
Pipeline & Melbourne,3472555,1120 W. Pipeline Road,,"Hurst,",TX,76053,US,,,,,,
Davis & Clark,3472436,5200 Davis Blvd,,"North Richland Hills,",TX,76180,US,,,,,,
Little & Poly Webb,3472699,4408 Little Rd,,"Arlington,",TX,76016,US,,,,,,
I30 & Eastchase,3472746,1425 Eastchase Parkway,,"Fort Worth,",TX,76120,US,,,,,,
Benbrook & Sproles,3472490,9200 Benbrook Blvd,,"Benbrook,",TX,76126,US,,,,,,
Hwy 377 & Park,3472827,7826 Denton Hwy,,"Watauga,",TX,76148,US,,,,,,
,3583169,2209 N Tarrant Pkwy,,"Ft. Worth,",TX,76177,US,,,,,,
Precinct & Mid Cities,3472803,6225 Precinct Line Rd,,"North Richland Hills,",TX,76180,US,,,,,,
Cooper & High Point,3472712,3519 S Cooper St,,"Arlington,",TX,76015,US,,,,,,
Tarrant Pkwy & Davis,3473120,9100 N Tarrant Pkwy,,"North Richland Hills,",TX,76182,US,,,,,,
Cooper & Walnut Branch,3472630,5869 S Cooper St,,"Arlington,",TX,76017,US,,,,,,
Hwy 183 & Murphy,3473075,2155 Airport Fwy,,"Euless,",TX,76040,US,,,,,,
Collins & Washington,3472556,2214 N Collins St,,"Arlington,",TX,76011,US,,,,,,
Keller Pkwy & Keller Smithfield,3472893,1520 Keller Parkway,,"Keller,",TX,76248,US,,,,,,
I20 & Collins,3472885,4120 S Collins St,,"Arlington,",TX,76014,US,,,,,,
Hwy 174 - Burleson,3472358,547 SW Wilshire Blvd,,"Burleson,",TX,76028,US,,,,,,
Hwy 287 & FM 718,3473112,13148 Highway 287,,"Haslet,",TX,76052,US,,,,,,
59th & McKinley,3472446,1124 SW 59th St,,"Oklahoma City,",OK,73109,US,,,,,,
May & Northwest Expy,3472423,5315 N May Ave,,"Oklahoma City,",OK,73112,US,,,,,,
Meridian & Will Rogers Pkwy,3472381,1325 S Meridian Ave,,"Oklahoma City,",OK,73108,US,,,,,,
NW 36th & MacArthur,3472433,5832 NW 36th St,,"Oklahoma City,",OK,73122,US,,,,,,
Council & Reno,3473094,208 S Council Rd,,"Oklahoma City,",OK,73128,US,,,,,,
MacArthur & Wilshire,3472721,7820 N Macarthur Blvd,,"Oklahoma City,",OK,73132,US,,,,,,
Douglas & 29th,3473067,2914 S Douglas Blvd,,"Midwest City,",OK,73130,US,,,,,,
Pennsylvania & Memorial,3473108,13229 N Pennsylvania Ave,,"Oklahoma City,",OK,73120,US,,,,,,
I35 & 19th,3473005,2290 S Service Rd,,"Moore,",OK,73160,US,,,,,,
MacArthur & 135th,3473115,13500 N Macarthur Blvd,,"Oklahoma City,",OK,73142,US,,,,,,
Broadway & 5th,3472462,421 S Broadway,,"Edmond,",OK,73034,US,,,,,,
Hwy 152 & Mustang,3473069,212 N Mustang Rd,,"Mustang,",OK,73064,US,,,,,,
I35 & E 15th St,3473101,1101 W I 35 Frontage Rd,,"Edmond,",OK,73034,US,,,,,,
Main & 24th,3473033,2424 W Main St,,"Norman,",OK,73069,US,,,,,,
I40 & Kickapoo,3473032,4836 N Kickapoo Ave,,"Shawnee,",OK,74804,US,,,,,,
Carlisle & Claremont,3472351,2808 Carlisle Blvd NE,,"Albuquerque,",NM,87110,US,,,,,,
Menaul Blvd & 2nd St NW,3472502,200 Menaul Blvd NW,,"Albuquerque,",NM,87107,US,,,,,,
Candelaria & Eubank,3472899,9500 Candelaria Rd NE,,"Albuquerque,",NM,87112,US,,,,,,
Osuna & Jefferson,3472775,4201 Osuna Rd NE,,"Albuquerque,",NM,87109,US,,,,,,
Alameda & Ellison,3472789,3531 State Highway 528 NW,,"Albuquerque,",NM,87114,US,,,,,,
Hwy 528 & Hwy 550,3473116,4196 Highway 528 NE,,"Rio Rancho,",NM,87144,US,,,,,,
Speedway & Woodland,3472607,5402 E Speedway Blvd,,"Tucson,",AZ,85712,US,,,,,,
St. Mary's & Melrose,3472705,1235 West St. Mary's Road,,"Tucson,",AZ,85745,US,,,,,,
S 6th & Ajo,3472500,3925 S 6th Ave,,"Tucson,",AZ,85713,US,,,,,,
E 22nd & Wilmont,3472499,6504 E 22nd St,,"Tucson,",AZ,85710,US,,,,,,
West River & La Cañada,3472839,1430 West. River Road,,"Tucson,",AZ,85704,US,,,,,,
Valencia & 12th,3472739,435 W Valencia Rd,,"Tucson,",AZ,85706,US,,,,,,
Barton Springs & S 1st,3472561,601 Barton Springs Rd,,"Austin,",TX,78704,US,,,,,,
Guadalupe & 28th,3473020,2800 Guadalupe St,,"Austin,",TX,78705,US,,,,,,
Burleson & Oltorf,3472479,2305 Burleson Rd,,"Austin,",TX,78741,US,,,,,,
MLK & Airport,3472466,3210 E Martin Luther King Jr Blvd,,"Austin,",TX,78721,US,,,,,,
Ben White & Manchaca,3472748,1908 W Ben White Blvd,,"Austin,",TX,78704,US,,,,,,
Cameron & Hwy 290,3472427,6106 Cameron Rd,,"Austin,",TX,78723,US,,,,,,
Lamar & Denson,3472724,6205 N Lamar Blvd,,"Austin,",TX,78752,US,,,,,,
William Cannon & I35,3472543,801 E William Cannon Dr,,"Austin,",TX,78745,US,,,,,,
Anderson & Mopac,3472562,2801 W Anderson Ln,,"Austin,",TX,78757,US,,,,,,
Mopac & William Cannon,3472948,6611 S Mo Pac Expy,,"Austin,",TX,78749,US,,,,,,
Lamar & Rutland,3472451,9516 N Lamar Blvd,,"Austin,",TX,78753,US,,,,,,
I35 & Slaughter,3472928,9300 S Interstate 35,,"Austin,",TX,78748,US,,,,,,
I35 & Braker,3472649,11135 N. I-35 Service Road,,"Austin,",TX,78753,US,,,,,,
Slaughter & Brodie,3472872,3400 W Slaughter Ln,,"Austin,",TX,78748,US,,,,,,
I35 & Wells Branch,3472809,14310-A IH 35,,"Austin,",TX,78728,US,,,,,,
FM 620 & Concordia,3473050,8300 N FM 620,,"Austin,",TX,78726,US,,,,,,
Parmer & McNeil,3472946,6301 W Parmer Ln,,"Austin,",TX,78729,US,,,,,,
I35 & Main,3473028,670 Old San Antonio Rd,,"Buda,",TX,78610,US,,,,,,
Hwy 290 & FM 973,3562104,12003 E US 290,,"Manor,",TX,78653,US,,,,,,
FM 620 & Lake Creek Pkwy,3472330,13201 Ranch Rd 620 N,,"Austin,",TX,78717,US,,,,,,
FM 620 - Lakeway,3472859,2011 Ranch Road 620 S,,"Lakeway,",TX,78734,US,,,,,,
Cypress Creek & Lakeline,3472945,1520 Cypress Creek Road,,"Cedar Park,",TX,78613,US,,,,,,
Limestone & Town Center,3473011,18609 Limestone Commercial Dr,,"Pflugerville,",TX,78660,US,,,,,,
I35 & Hester's Crossing,3472686,1501 South IH 35,,"Round Rock,",TX,78664,US,,,,,,
Hwy 183 & Discovery,3472609,500 N Bell Blvd,,"Cedar Park,",TX,78613,US,,,,,,
Whitestone & Market,3472897,2740 E Whitestone Blvd,,"Cedar Park,",TX,78613,US,,,,,,
FM 1626 - Kyle,3472980,5401 FM 1626,,"Kyle,",TX,78640,US,,,,,,
TX 130 & Gattis School,4054776,5012 Gattis School Road,,"Hutto,",TX,78634,US,,,,,,
Hwy 79 & Red Bud,3472934,4640 E Palm Valley Blvd,,"Round Rock,",TX,78664,US,,,,,,
Hwy 290 - Dripping Springs,3473027,598 E Hwy 290 W,,"Dripping Springs,",TX,78620,US,,,,,,
I35 & Willliams,3472700,202 S Interstate 35,,"Georgetown,",TX,78628,US,,,,,,
Hwy 71 - Bastrop,3472733,401 East Hwy 71,,"Bastrop,",TX,78602,US,,,,,,
State Park & Hwy 183,3472935,100 State Park Road,,"Lockhart,",TX,78644,US,,,,,,
D B Wood & Williams,3473022,3706 D B Wood Rd,,"Georgetown,",TX,78628,US,,,,,,
I35 & Guadalupe,3472476,1004 State Hwy. 123,,"San Marcos,",TX,78666,US,,,,,,
TX 95 - Taylor,3472972,3510 N Main St,,"Taylor,",TX,76574,US,,,,,,
I35 & Centerpoint,3472782,4040 S Interstate 35,,"San Marcos,",TX,78666,US,,,,,,
Hwy 281 - Marble Falls,3472771,1204 Hwy 281 N.,,"Marble Falls,",TX,78654,US,,,,,,
I35 & FM 306,3473045,123 Creekside Crossing,,"New Braunfels,",TX,78130,US,,,,,,
Hwy 29 - Burnet,3472378,402 E Polk St,,"Burnet,",TX,78611,US,,,,,,
Hwy 46 & Independence,3473023,1687 Hwy 46 W,,"New Braunfels,",TX,78132,US,,,,,,
I35 & Seguin,3472540,143 S Interstate 35,,"New Braunfels,",TX,78130,US,,,,,,
Hwy 123 & Hwy 90,3472600,318 N Highway 123 Byp,,"Seguin,",TX,78155,US,,,,,,
Hwy 46 & I10,3472937,1520 North State Highway 46,,"Seguin,",TX,78155,US,,,,,,
Hwy 290 - Giddings,3472858,2050 E Austin St,,"Giddings,",TX,78942,US,,,,,,
Peoria & E 15th,3472354,1432 S Peoria Ave,,"Tulsa,",OK,74120,US,,,,,,
21st & Yale,3473068,4888 E 21st St S,,"Tulsa,",OK,74114,US,,,,,,
E 41st & Skelly,3472528,5726 E 41st St,,"Tulsa,",OK,74135,US,,,,,,
Hwy 75 & 81st,3473026,7760 S Olympia Ave,,"Tulsa,",OK,74132,US,,,,,,
Sheridan & 60th,3472592,6004 S Sheridan Rd,,"Tulsa,",OK,74145,US,,,,,,
31st & 108th,3472364,10675 E 31st St,,"Tulsa,",OK,74146,US,,,,,,
Memorial & 102nd,3473054,10121 S Memorial Dr,,"Bixby,",OK,74133,US,,,,,,
Waco & 121st,3714874,12110 S Waco Ave.,,"Glenpool,",OK,74033,US,,,,,,
96th & 129th,3473092,12903B E 96th St N,,"Owasso,",OK,74055,US,,,,,,
Main & Ross,3472708,1704 S Main St,,"Sapulpa,",OK,74066,US,,,,,,
Kenosha & Hwy 51,3472731,2341 E Kenosha St,,"Broken Arrow,",OK,74012,US,,,,,,
Rte 66 & Country Club,3473089,1410 S Lynn Riggs Blvd,,"Claremore,",OK,74017,US,,,,,,
Whataburger by the Bay,3472536,121 North Shoreline,,"Corpus Christi,",TX,78401,US,,,,,,
Whataburger Field,3472940,734 E Port Ave,,"Corpus Christi,",TX,78401,US,,,,,,
Causeway & Beach,3472525,4444 E Causeway Blvd,,"Corpus Christi,",TX,78402,US,,,,,,
Baldwin & Port,3472393,2424 Baldwin Blvd,,"Corpus Christi,",TX,78405,US,,,,,,
Staples & 17th,3472399,2018 S Staples St,,"Corpus Christi,",TX,78404,US,,,,,,
Leopard St & Westchester,3472394,4510 Leopard St,,"Corpus Christi,",TX,78408,US,,,,,,
Texan Trail & Reid,3472465,510 Texan Trl,,"Corpus Christi,",TX,78404,US,,,,,,
Gollihar & Randall,3472397,3220 Gollihar Rd,,"Corpus Christi,",TX,78415,US,,,,,,
S Padre Island & Ayers,3472515,2402 S Padre Island Dr,,"Corpus Christi,",TX,78415,US,,,,,,
S Padre Island & Old Brownsville,3472563,602 S Padre Island Dr,,"Corpus Christi,",TX,78416,US,,,,,,
Staples & Barry,3472408,4126 S Staples St,,"Corpus Christi,",TX,78411,US,,,,,,
Weber & Brett,3472426,5114 Weber Rd,,"Corpus Christi,",TX,78411,US,,,,,,
Weber & Saratoga,3472850,6425 Weber Rd,,"Corpus Christi,",TX,78413,US,,,,,,
Airline & S Padre Island,3472437,1521 Airline Rd,,"Corpus Christi,",TX,78412,US,,,,,,
Hwy 181 - Portland,3472431,1010 Wildcat Dr,,"Portland,",TX,78374,US,,,,,,
Saratoga & Player,3472516,5001 Saratoga Blvd,,"Corpus Christi,",TX,78413,US,,,,,,
S Padre Island & Nile,3472554,6817 S Padre Island Dr,,"Corpus Christi,",TX,78412,US,,,,,,
S Padre Island & Ennis Joslin,3473090,7702 S Padre Island Dr,,"Corpus Christi,",TX,78412,US,,,,,,
Saratoga & Cimarron,3472762,6241 Saratoga Blvd,,"Corpus Christi,",TX,78414,US,,,,,,
Staples & Yorktown,3472996,7434 S Staples St,,"Corpus Christi,",TX,78413,US,,,,,,
Leopard St & Rand Morgan,3472469,9402 Leopard St,,"Corpus Christi,",TX,78410,US,,,,,,
Waldron & S Padre Island,3472445,1121 Waldron Rd,,"Corpus Christi,",TX,78418,US,,,,,,
Violet & I37,3472593,4545 Violet Rd,,"Corpus Christi,",TX,78410,US,,,,,,
Hwy 181 - Taft,3472627,321 Hwy 181,,"Taft,",TX,78390,US,,,,,,
Hwy 361 - Ingleside,3472652,2474 State Highway 361,,"Ingleside,",TX,78362,US,,,,,,
Hwy 77 & Northwest,3472553,4021 IH 69 Access Rd,,"Corpus Christi,",TX,78410,US,,,,,,
Hwy 77 - Robstown,3472512,502 N IH 69,,"Robstown,",TX,78380,US,,,,,,
Wheeler Ave - Aransas Pass,3472400,2737 W Wheeler Ave,,"Aransas Pass,",TX,78336,US,,,,,,
S Padre Island & Jackfish,3472360,14301 S Padre Island Dr,,"Corpus Christi,",TX,78418,US,,,,,,
Bus 77 - Sinton,3472526,220 S San Patricio St,,"Sinton,",TX,78387,US,,,,,,
Alister and Ave G,3472535,729 Hwy 361,,"Port Aransas,",TX,78373,US,,,,,,
Bus 35 - Rockport,3472489,1805 Highway 35 N,,"Rockport,",TX,78382,US,,,,,,
Huisache & S 14th,3472395,510 S 14th St,,"Kingsville,",TX,78363,US,,,,,,
Hwy 77 & FM 1356,3472863,2701 S US Highway 77 Byp,,"Kingsville,",TX,78363,US,,,,,,
Hwy 77 - Refugio,3472541,605 N Alamo St,,"Refugio,",TX,78377,US,,,,,,
Hwy 44 - Alice,3472338,"1242 E Main St,",,"Alice,",TX,78332,US,,,,,,
Hwy 281 & Hwy 44,3472907,141 South US Hwy 281 Bypass,,"Alice,",TX,78332,US,,,,,,
Bus 181 - Beeville,3472410,1710 N Saint Marys St,,"Beeville,",TX,78102,US,,,,,,
K Ave & Park,3472648,2548 K Ave,,"Plano,",TX,75074,US,,,,,,
Hwy 75 & Parker,3473037,3521 N Central Expy,,"Plano,",TX,75023,US,,,,,,
Coit & Mapleshade,3472874,433 Coit Rd,,"Plano,",TX,75075,US,,,,,,
Coit & Stonewood,3472814,6401 Coit Rd,,"Plano,",TX,75024,US,,,,,,
Saunders & Louisiana,3472355,2701 E Saunders St,,"Laredo,",TX,78041,US,,,,,,
Guadalupe & Bartlett,3472340,2118 Guadalupe St,,"Laredo,",TX,78043,US,,,,,,
San Bernardo & Calton,3472419,4902 San Bernardo,,"Laredo,",TX,78041,US,,,,,,
McPhearson & Manor,3472769,7110 Mcphearson Rd.,,"Laredo,",TX,78041,US,,,,,,
Lancer & Jacaman,3472919,7010 Lancer Rd,,"Laredo,",TX,78041,US,,,,,,
Del Mar & Springfield,3472779,202 W. Del Mar Blvd.,,"Laredo,",TX,78045,US,,,,,,
Hwy 359 & Hwy 20,3472812,4416 Highway 359,,"Laredo,",TX,78043,US,,,,,,
McPherson & Shiloh,3472384,9102 Mcpherson Rd,,"Laredo,",TX,78045,US,,,,,,
FM 1472 & Rancho Viejo,3472742,10112 FM 1472,,"Laredo,",TX,78045,US,,,,,,
Hwy 83 & Riverhill,3472383,809 Riverhill Dr,,"Laredo,",TX,78046,US,,,,,,
Hwy 84 & Hwy 62,3472520,1702 19th St,,"Lubbock,",TX,79401,US,,,,,,
9th & University,3473058,2412 9th St,,"Lubbock,",TX,79401,US,,,,,,
50th & Ave Q,3472683,1717 50th St,,"Lubbock,",TX,79412,US,,,,,,
50th & Utica,3472447,4802 50th St,,"Lubbock,",TX,79414,US,,,,,,
University & 86th,3472836,8226 University Ave,,"Lubbock,",TX,79423,US,,,,,,
Quaker & 72nd,3472794,7201 Quaker Ave,,"Lubbock,",TX,79424,US,,,,,,
Loop 289 & 4th,3472953,5512 4th St,,"Lubbock,",TX,79416,US,,,,,,
82nd & Milwaukee,3472974,6414 82nd St,,"Lubbock,",TX,79424,US,,,,,,
Siegen & Honore,3472878,6745 Siegen Ln,,"Baton Rouge,",LA,70809,US,,,,,,
Hwy 61 & Church Point,3472904,840 N Airline Hwy,,"Gonzales,",LA,70737,US,,,,,,
Benton Spur & Old Minden,3472675,112 Benton Spur Road,,"Bossier City,",LA,71111,US,,,,,,
Market & Loop 220,3472661,2900 N Market St,,"Shreveport,",LA,71107,US,,,,,,
Airline & George Dement,3473119,2620 Airline Dr,,"Bossier City,",LA,71111,US,,,,,,
Kings Hwy & Clark,3473097,521 E Kings Hwy,,"Shreveport,",LA,71105,US,,,,,,
Jewella & Hwy 80,3472655,4010 Jewella Ave,,"Shreveport,",LA,71109,US,,,,,,
Bert Kouns & Youree,3472668,1650 Bert Kouns Road,,"Shreveport,",LA,71105,US,,,,,,
I20 & Pines,3472829,6707 Pines Rd,,"Shreveport,",LA,71129,US,,,,,,
Bert Kouns & Hwy 171,3472667,2544 Bert Kouns Industrial Loop,,"Shreveport,",LA,71118,US,,,,,,
Victory & Veterans,3472341,2010 Victory Dr,,"Marshall,",TX,75672,US,,,,,,
East End & Bell,3472369,2406 E End Blvd S,,"Marshall,",TX,75671,US,,,,,,
Hwy 84 - Joaquin,3473029,12768 Hwy 84 East,,"Joaquin,",TX,75954,US,,,,,,
Bus 79 - Carthage,3472971,819 West Panola Street,,"Carthage,",TX,75633,US,,,,,,
Hwy 80 - Hallsville,3472392,602 W Main St,,"Hallsville,",TX,75650,US,,,,,,
Pierce & Rte 66,3472614,734 N Pierce St,,"Amarillo,",TX,79107,US,,,,,,
I40 & Grand,3472942,3620 E Interstate 40,,"Amarillo,",TX,79103,US,,,,,,
Georgia & Virginia,3472531,2424 S Georgia St,,"Amarillo,",TX,79109,US,,,,,,
SW 45th & Western,3472440,4111 SW 45th Ave,,"Amarillo,",TX,79109,US,,,,,,
34th & Coulter,3472576,3401 S Coulter St,,"Amarillo,",TX,79109,US,,,,,,
I27 & Hollywood,3472828,6120 Hollywood Rd,,"Amarillo,",TX,79110,US,,,,,,
Government & Pinehill,3472434,2461 Government Blvd.,,"Mobile,",AL,36606,US,,,,,,
Craft Hwy & Howell,3472441,100 North Craft Highway,,"Chickasaw,",AL,36611,US,,,,,,
Schillinger & Cottage Hill,3472855,2496 Schillinger Rd.,,"Mobile,",AL,36695,US,,,,,,
Airport & Snow,3473000,9968 Airport Blvd,,"Mobile,",AL,36608,US,,,,,,
Hwy 59 - Foley,3473087,3141 S McKenzie St,,"Foley,",AL,36535,US,,,,,,
Hwy 29 & Kingsville,3472932,2300 S Highway 29,,"Cantonment,",FL,32533,US,,,,,,
Hwy 90 & Mikes,3472910,6129 Mobile Hwy,,"Pensacola,",FL,32526,US,,,,,,
Hwy 90 Ocean Springs,3472913,3851 Bienville Blvd,,"Ocean Springs,",MS,39564,US,,,,,,
Nine Mile & Chemstrand,3472666,214 E Nine Mile Rd,,"Pensacola,",FL,32514,US,,,,,,
Warrington Rd & Mobile Hwy,3472405,1313 N New Warrington Rd,,"Pensacola,",FL,32506,US,,,,,,
Pensacola & Boone,3472402,5480 Pensacola Blvd,,"Pensacola,",FL,32505,US,,,,,,
Hwy 31 & Bradberry,3472998,2280 7th Street South,,"Clanton,",AL,35045,US,,,,,,
Thomasville & E 5th,3472421,1101 Thomasville Rd,,"Tallahassee,",FL,32303,US,,,,,,
Lake Bradford & Airport,3472467,815 Lake Bradford Rd,,"Tallahassee,",FL,32304,US,,,,,,
Tennessee & Whitehal,3472950,1701 W Tennessee St,,"Tallahassee,",FL,32304,US,,,,,,
Hwy 27 & Hendrix,3472722,2511 Apalachee Pkwy,,"Tallahassee,",FL,32311,US,,,,,,
Monroe & Sharer,3472468,2586 N Monroe St,,"Tallahassee,",FL,32303,US,,,,,,
Hwy 19 & Williamsburg,3472914,13880 U.S. Highway 19 South,,"Thomasville,",GA,31792,US,,,,,,
I55 & High St,3472894,1320 North High Street,,"Jackson,",MS,39202,US,,,,,,
Hwy 49 & Harper,3473114,906 Highway 49 S,,"Richland,",MS,39218,US,,,,,,
I55 & County Line,3472915,800 E County Line Rd,,"Ridgeland,",MS,39157,US,,,,,,
Old Fannin & Flowood,3895928,1724 Old Fannin Rd,,"Flowood,",MS,39232,US,,,,,,
Halls Ferry - Vicksburg,3472925,3402 Halls Ferry Rd,,"Vicksburg,",MS,39180,US,,,,,,
International & Hwy 77,3472662,2021 International Blvd,,"Brownsville,",TX,78521,US,,,,,,
Boca Chica & North,3472513,2419 Boca Chica Blvd,,"Brownsville,",TX,78521,US,,,,,,
Central & Lakeside,3472864,1400 Central Blvd.,,"Brownsville,",TX,78520,US,,,,,,
Hwy 77 & Ruben M Torres,3472353,2290 N.Expressway (no change),,"Brownsville,",TX,78521,US,,,,,,
Ruben Torres & Paredes Line,3473104,2103 Ruben Torres Blvd,,"Brownsville,",TX,78526,US,,,,,,
FM 802 & Hwy 48,3472811,6100 FM 802,,"Brownsville,",TX,78521,US,,,,,,
Hwy 86 & Alton Gloor,3472841,3580 W Alton Gloor Blvd,,"Brownsville,",TX,78521,US,,,,,,
Bus 77 - San Benito,3472484,1110 W US Highway 77,,"San Benito,",TX,78586,US,,,,,,
Hwy 100 - Port Isabel,3472548,1301 Hwy 100,,"Port Isabel,",TX,78578,US,,,,,,
Hwy 77 & Ed Carey,3472665,613 N Ed Carey Dr,,"Harlingen,",TX,78550,US,,,,,,
Bus77 & Harrison,3472413,1522 E Harrison Ave,,"Harlingen,",TX,78550,US,,,,,,
Tyler & South P St.,3472428,1605 W Harrison Ave,,"Harlingen,",TX,78550,US,,,,,,
Padre & Retama,3472646,3509 Padre Blvd,,"South Padre Island,",TX,78597,US,,,,,,
Expy 83 & FM 506,3472333,90 W Expy 83,,"La Feria,",TX,78559,US,,,,,,
Hwy 83 - Mercedes,3472685,4801 E Expressway 83,,"Mercedes,",TX,78570,US,,,,,,
Bus 83 & Airport,3472406,1500 E US Highway 83,,"Weslaco,",TX,78596,US,,,,,,
Texas & Hwy 83,3472357,1100 Texas Blvd N,,"Weslaco,",TX,78596,US,,,,,,
Westgate & BUS 83,3472939,318 N Westgate Dr,,"Weslaco,",TX,78596,US,,,,,,
Hwy 83 & Salinas,3472736,615 N Daniel Salinas Blvd,,"Donna,",TX,78537,US,,,,,,
Hwy 107 - Elsa,3472334,623 E Edinburg Ave,,"Elsa,",TX,78543,US,,,,,,
Hwy 77 - Raymondville,3472552,1007 East Hidalgo St.,,"Raymondville,",TX,78580,US,,,,,,
Alamo & Hwy 83,3472601,513 N Alamo Rd,,"Alamo,",TX,78516,US,,,,,,
Hwy 281 & Ridge,3473051,1410 S Cage Blvd,,"Pharr,",TX,78577,US,,,,,,
Jackson & Dicker,3473103,3120 S Jackson Rd,,"Hidalgo,",TX,78557,US,,,,,,
Hwy 83 & 281,3472482,100 East Expressway 83,,"Pharr,",TX,78577,US,,,,,,
Jackson & Jackson,3472396,1412 E Jackson Ave,,"McAllen,",TX,78503,US,,,,,,
Hwy 281 & University,3472856,1717 E University Dr,,"Edinburg,",TX,78542,US,,,,,,
Business 281 & Closner,3472417,2107 S US Highway 281,,"Edinburg,",TX,78539,US,,,,,,
Nolana & McColl,3472380,1000 E Nolana Ave,,"McAllen,",TX,78504,US,,,,,,
10th & W Frontage Rd,3472588,1419 S. 10th Street,,"McAllen,",TX,78501,US,,,,,,
International & Bridge,3472715,824 S International Blvd,,"Hidalgo,",TX,78557,US,,,,,,
Hwy 75 & Rockhill,3472766,445 S Central Expy,,"McKinney,",TX,75069,US,,,,,,
US 380 & Lake Forest,4203928,4970 W University Dr.,,"McKinney,",TX,75071,US,,,,,,
Eldorado & Ridge,3534179,6151 Eldorado Pkwy,,"McKinney,",TX,75070,US,,,,,,
Stacy & TX 5,3473013,388 E Stacy Rd,,"Allen,",TX,75002,US,,,,,,
Hwy 380 & Custer,3473046,9053 W University Dr,,"McKinney,",TX,75071,US,,,,,,
Hwy 121 & Custer,3472993,8608 State Highway 121,,"McKinney,",TX,75070,US,,,,,,
Hwy 289 & Lebanon,3473006,5266 Preston Rd,,"Frisco,",TX,75034,US,,,,,,
Trimmier & Bacon Ranch,3472963,2509 Trimmier Road,,"Killeen,",TX,76542,US,,,,,,
Hwy 190 & TX 2410,3472989,130 East Central Texas Expressway,,"Harker Heights,",TX,76548,US,,,,,,
Hwy 190 & Robert Griffin II,3472388,3006 E U.S. 190,,"Copperas Cove,",TX,76522,US,,,,,,
I35 & Neil,3472718,307 N Interstate 35,,"Belton,",TX,76513,US,,,,,,
Adams & Old Waco,3473118,6705 W Adams Ave,,"Temple,",TX,76502,US,,,,,,
Loop 363 & TX 1741,3472386,1415 SW H K Dodgen Loop,,"Temple,",TX,76502,US,,,,,,
I35 & Adams,3472752,115 N. General Bruce Drive,,"Temple,",TX,76504,US,,,,,,
I35 & 7th,3472456,928 S 7th St,,"Waco,",TX,76706,US,,,,,,
Valley Mills & Lake Air,3472633,1101 N Valley Mills Dr,,"Waco,",TX,76710,US,,,,,,
Loop 340 & Hwy 84,3472567,100 West Loop 340,,"Waco,",TX,76712,US,,,,,,
Loop 340 - Bellmead,3472694,950 N Loop 340,,"Bellmead,",TX,76705,US,,,,,,
Hewitt & Mars,3472798,1528 Hewitt Dr.,,"Waco,",TX,76712,US,,,,,,
Hwy 77 & I35,3472713,1402 Corsicana Hwy.,,"Hillsboro,",TX,76645,US,,,,,,
Dallas Pkwy & Eldorado,3473048,11650 N Dallas Pkwy,,"Frisco,",TX,75034,US,,,,,,
I10 & FM182,3472854,1725 N University Ave,,"Lafayette,",LA,70507,US,,,,,,
Pinhook & Kaliste Saloom,3473049,1845 W Pinhook Rd,,"Lafayette,",LA,70508,US,,,,,,
Ambassador & Westmark,3472756,3226 Ambassador Caffery Pkwy,,"Lafayette,",LA,70503,US,,,,,,
Big Spring & Eugene,3472521,1905 N Big Spring St,,"Midland,",TX,79705,US,,,,,,
Andrews Hwy & Kansas,3472475,800 Andrews Hwy,,"Midland,",TX,79701,US,,,,,,
I20 & FM158,3472781,2217 E Interstate 20,,"Midland,",TX,79701,US,,,,,,
Midkiff & Wadley,3472523,3206 N Midkiff Rd,,"Midland,",TX,79705,US,,,,,,
Hwy 191 & John B. Shepperd,3472527,4960 E 42nd St,,"Odessa,",TX,79762,US,,,,,,
E 8th & Mc Kinley,3472407,1900 E 8th St,,"Odessa,",TX,79761,US,,,,,,
Andrews Hwy & 37th,3472404,3716 Andrews Hwy,,"Odessa,",TX,79762,US,,,,,,
Hwy 87 - Big Spring,3472532,1110 Gregg Street,,"Big Spring,",TX,79720,US,,,,,,
Hwy 80 & Gann,3472681,893 US Highway 80 E,,"Abilene,",TX,79601,US,,,,,,
S 1st & Pioneer,3472559,4241 S 1st St,,"Abilene,",TX,79605,US,,,,,,
Southwest & Hwy 83,3472682,3141 S Danville Dr,,"Abilene,",TX,79605,US,,,,,,
I20 - Clyde,3472800,1614 North Access Road,,"Clyde,",TX,79510,US,,,,,,
Bus 20 - Sweetwater,3472585,1009 East Broadway,,"Sweetwater,",TX,79556,US,,,,,,
George Bush & Old Denton,3472923,1033 East Trinity Mills,,"Carrollton,",TX,75006,US,,,,,,
College & 11th,3472491,3575 College St.,,"Beaumont,",TX,77701,US,,,,,,
Dowlen & Calder,3472359,140 S Dowlen Rd,,"Beaumont,",TX,77707,US,,,,,,
Lucas & Eastex Fwy,3472530,4286 E. Lucas St.,,"Beaumont,",TX,77708,US,,,,,,
Main St - Vidor,3472647,540 N. Main St.,,"Vidor,",TX,77662,US,,,,,,
Hwy 96 Lumberton,3472903,401 N. Main St.,,"Lumberton,",TX,77657,US,,,,,,
Twin City Hwy Groves,3472711,4800 Twin City Hwy,,"Groves,",TX,77619,US,,,,,,
Hwy 73 - Bridge City,3472880,1905 Texas Ave.,,"Bridge City,",TX,77611,US,,,,,,
Bus 96 - Silsbee,3472758,825 Highway 96 South,,"Silsbee,",TX,77656,US,,,,,,
I10 & Hwy 62,3472889,7241 IH 10,,"Orange,",TX,77630,US,,,,,,
McArthur & Dal Sasso,3472692,2300 McArthur Dr.,,"Orange,",TX,77630,US,,,,,,
I10 - Winnie,3472835,14935 F.M. 1663,,"Winnie,",TX,77665,US,,,,,,
Hwy 90 - Liberty,3472608,1920 Hwy. 90,,"Liberty,",TX,77575,US,,,,,,
FM 146 &I10,3473093,8730 N Highway 146,,"Baytown,",TX,77523,US,,,,,,
Fort Worth Dr & I35E,3472478,712 Fort Worth Dr,,"Denton,",TX,76201,US,,,,,,
Malone & University,3472448,1701 Malone St,,"Denton,",TX,76201,US,,,,,,
I35 & Hwy 380,3473024,2420 W University Dr,,"Denton,",TX,76201,US,,,,,,
Loop 288 & Brinker,3472898,1708 S Loop 288,,"Denton,",TX,76205,US,,,,,,
FM 2181 & Hickory Creek,3472808,4250 FM 2181,,"Hickory Creek,",TX,75065,US,,,,,,
Hwy 380 - Cross Roads,3473079,11250 US Hwy 380,,"Cross Roads,",TX,76227,US,,,,,,
FM 407 & Barnet,3473021,2710 FM 407,,"Highland Village,",TX,75077,US,,,,,,
I35E & Hwy 1171,3472723,171 N Stemmons Fwy,,"Lewisville,",TX,75067,US,,,,,,
FM 423 & Stonebrook,3473111,8000 FM 423,,"Frisco,",TX,75034,US,,,,,,
Byron Nelson - Roanoke,3472824,605 E Byron Nelson Blvd,,"Roanoke,",TX,76262,US,,,,,,
Southwest Pkwy & Hwy 121,3472696,101 W. Southwest Pkwy.,,"Lewisville,",TX,75067,US,,,,,,
I44 & Kenley,3472621,1040 Central Fwy,,"Wichita Falls,",TX,76306,US,,,,,,
McNiel & Hwy 277,3472584,3404 McNiel Ave,,"Wichita Falls,",TX,76308,US,,,,,,
Southwest Pkwy & Kemp,3472678,2725 Southwest Pkwy,,"Wichita Falls,",TX,76308,US,,,,,,
Hwy 281 - Burkburnett,3472657,920 S Red River Expy,,"Burkburnett,",TX,76354,US,,,,,,
Cache & 67th,3472642,6702 NW Cache Rd,,"Lawton,",OK,73505,US,,,,,,
Cache & 22nd,3472625,2201 NW Cache Rd,,"Lawton,",OK,73505,US,,,,,,
Dominik & Texas,3472422,105 Dominik Dr,,"College Station,",TX,77840,US,,,,,,
Texas & Villa Maria,3472988,3109 S Texas Ave,,"Bryan,",TX,77802,US,,,,,,
Texas & 33rd,3472415,902 S Texas Ave,,"Bryan,",TX,77803,US,,,,,,
Rock Prairie & Longmire,3472871,1745 Rock Prairie Rd,,"College Station,",TX,77845,US,,,,,,
Hwy 6 & William D Fitch,3473039,4471 State Hwy 6 S,,"College Station,",TX,77845,US,,,,,,
Hwy 36 - Brenham,3472751,2801 Hwy 36 South,,"Brenham,",TX,77833,US,,,,,,
Hwy 105 & Walden,3473066,18950 Highway 105 W,,"Montgomery,",TX,77356,US,,,,,,
I45 & Hwy 190,3472626,140 IH 45 S,,"Huntsville,",TX,77340,US,,,,,,
Gentry & Parkdale,3472429,1919 West Gentry Parkway,,"Tyler,",TX,75702,US,,,,,,
Beckham & Highland,3472409,1739 South Beckham,,"Tyler,",TX,75701,US,,,,,,
Loop 323 & Hwy 31,3472767,345 South Southwest Loop 323,,"Tyler,",TX,75702,US,,,,,,
Loop 323 & Valley View,3472728,1717 Loop 323,,"Tyler,",TX,75701,US,,,,,,
Loop 323 & Old Bullard,3472442,137 W. Southwest Loop 323,,"Tyler,",TX,75701,US,,,,,,
Hwy 271 & Hwy 323,3472930,6288 North US Hwy 271,,"Tyler,",TX,75708,US,,,,,,
FM 155 & FM 192,3473001,12405 US Hwy 155 South,,"Tyler,",TX,75703,US,,,,,,
Hwy 110 & Shiloh,3473009,5003 Troup Hwy.,,"Tyler,",TX,75707,US,,,,,,
FM 2493 & TX 159,3540520,5916 Old Jacksonville Highway,,"Tyler,",TX,75703,US,,,,,,
Broadway & South Town,3472804,6849 South Broadway,,"Tyler,",TX,75703,US,,,,,,
FM 2493 & FM 168,3472997,16772 FM 2493,,"Tyler,",TX,75703,US,,,,,,
Hwy 31 & Broad,3473078,103 Hwy 31 West,,"Chandler,",TX,75758,US,,,,,,
Hwy 69 - Lindale,3473062,311 South Main Street,,"Lindale,",TX,75771,US,,,,,,
HWY 69 & 3801,4546466,651 South Doctor M. Roper Parkway,,"Bullard,",TX,75757,US,,,,,,
I20 & Old Hwy 135,3472944,6241 Old Highway 135 N,,"Kilgore,",TX,75662,US,,,,,,
I20 - Kilgore,3472374,108 N Henderson Blvd,,"Kilgore,",TX,75662,US,,,,,,
Hwy 37 - Mineola,3473095,2200 North Pacific Street,,"Mineola,",TX,75773,US,,,,,,
Jackson & El Paso,3472558,627 S. Jackson St.,,"Jacksonville,",TX,75766,US,,,,,,
Hwy 80 - White Oak,3473007,103 E. Hwy 80,,"White Oak,",TX,75693,US,,,,,,
Loop 281 & Cotton,3472973,1479 East Harrison Lane,,"Longview,",TX,75604,US,,,,,,
Gilmer & Regal Oak,3472924,2401 Gilmer Road,,"Longview,",TX,75604,US,,,,,,
Hwy 31 - Athens,3472372,1417 E Tyler St,,"Athens,",TX,75751,US,,,,,,
Hwy 79 & Peach,3472534,630 Highway 79 North,,"Henderson,",TX,75652,US,,,,,,
Spur 63 & Marshall,3472339,105 TX-63 Spur,,"Longview,",TX,75601,US,,,,,,
Hwy 271 - Gilmer,3473056,1301 N. Wood Street,,"Gilmer,",TX,75644,US,,,,,,
Eastman & Pittman,3472778,3123 Eastman Rd.,,"Longview,",TX,75602,US,,,,,,
Hwy 281 & Fourth,3472906,3308 Fourth St.,,"Longview,",TX,75605,US,,,,,,
I20 - Canton,3472650,17290 I-20,,"Canton,",TX,75103,US,,,,,,
Hwy 69 - Rusk,3472379,1203 N Dickinson Dr,,"Rusk,",TX,75785,US,,,,,,
Main & Broadway,3472619,2406 S Main St,,"Pearland,",TX,77581,US,,,,,,
Friendswood & Edgewood,3472365,106 N Friendswood Dr,,"Friendswood,",TX,77546,US,,,,,,
Bryant & 19th,3472677,1830 N Bryant Blvd,,"San Angelo,",TX,76903,US,,,,,,
Sherwood & Arden,3472461,3202 Sherwood Way,,"San Angelo,",TX,76901,US,,,,,,
Knickerbocker & Southland,3472780,4646 Knickerbocker Rd,,"San Angelo,",TX,76904,US,,,,,,
I65 & Hwy 31,3472962,1101 1st Street South,,"Alabaster,",AL,35007,US,,,,,,
Cahaba Valley & Southgate,3472990,557 Cahaba Valley Road,,"Pelham,",AL,35124,US,,,,,,
Hwy 285 & 22nd,3472805,2110 N Main St,,"Roswell,",NM,88201,US,,,,,,
Main St - League City,3472735,2212 E Main St,,"League City,",TX,77573,US,,,,,,
NASA & Old Galveston,3472580,100 Nasa Road 1,,"Webster,",TX,77598,US,,,,,,
I45 & FM 646,3472968,2990 Gulf Fwy S,,"League City,",TX,77573,US,,,,,,
I45 & FM517,3472636,3300 Gulf Fwy,,"Dickinson,",TX,77539,US,,,,,,
FM 518 & FM 146,3473088,305 FM 518 Rd,,"Kemah,",TX,77565,US,,,,,,
I45 & El Dorado,3472842,18190 Gulf Fwy,,"Friendswood,",TX,77546,US,,,,,,
Parkwood & Friendswood,3472895,214 E Parkwood Ave,,"Friendswood,",TX,77546,US,,,,,,
Bayport Blvd - Seabrook,3472653,1408 Bayport Blvd.,,"Seabrook,",TX,77586,US,,,,,,
Hwy 62 & Sang,3473107,1956 W Martin Luther King Blvd,,"Fayetteville,",AR,72701,US,,,,,,
Hwy 6 & Hwy 90,3473072,340 Highway 6,,"Sugar Land,",TX,77478,US,,,,,,
Hwy 6 & Belfort,3472754,10315 S Highway 6,,"Sugar Land,",TX,77498,US,,,,,,
Hwy 6 S & Austin Pkwy,3472717,4530 Highway 6 South,,"Sugar Land,",TX,77478,US,,,,,,
Murphy & Greenbriar,3472620,13030 Murphy Road,,"Stafford,",TX,77477,US,,,,,,
Grand Pkwy & I69,3472860,17480 W. Grand Pkwy. South,,"Sugar Land,",TX,77479,US,,,,,,
E 9th & Mayberry,3472483,801 E 9th St,,"Mission,",TX,78572,US,,,,,,
Griffin & Conway,3472870,201 E Griffin Pkwy,,"Mission,",TX,78572,US,,,,,,
Hwy 83 & La Homa,3472750,2916 W Expressway 83,,"Mission,",TX,78572,US,,,,,,
Hwy 83 & Taylor,3472793,2510 E Expressway 83,,"Mission,",TX,78572,US,,,,,,
Conway & FM 1924,3472960,4321 N Conway Ave,,"Palmhurst,",TX,78573,US,,,,,,
Bus 83 & S 23rd,3472403,2225 W US Highway 83,,"McAllen,",TX,78501,US,,,,,,
23rd & Orchid,3472729,4017 N 23rd St,,"McAllen,",TX,78504,US,,,,,,
Decker & Garth,3472581,1900 Decker Drive,,"Baytown,",TX,77520,US,,,,,,
I10E & Garth,3472674,5151 Interstate 10 E,,"Baytown,",TX,77521,US,,,,,,
Hwy 146 & Main,3472673,1201 W Main St,,"La Porte,",TX,77571,US,,,,,,
I49 & Elm Springs,3473113,4172 Elm Springs Rd,,"Springdale,",AR,72762,US,,,,,,
Hwy 71 & Joyce,3473121,4030 N College Ave,,"Fayetteville,",AR,72703,US,,,,,,
Pleasant Crossing,3473110,4335 S Pleasant Crossing Blvd,,"Rogers,",AR,72758,US,,,,,,
Hwy 49 - Gulfport,3472905,11484 Highway 49,,"Gulfport,",MS,39503,US,,,,,,
Sangani & I10,3472900,3611 Sangani Blvd,,"D'lberville,",MS,39540,US,,,,,,
Rio Grande & Navarro,3472398,509 E Rio Grande St,,"Victoria,",TX,77901,US,,,,,,
Navarro & Mockingbird,3472473,4302 N Navarro St,,"Victoria,",TX,77901,US,,,,,,
Hwy 59 & Delmar,3472851,3603 Houston Hwy,,"Victoria,",TX,77901,US,,,,,,
Hwy 77 & Glascow,3472749,8908 N Navarro St,,"Victoria,",TX,77904,US,,,,,,
Hwy 59 - Edna,3472615,112 East Houston Hwy.,,"Edna,",TX,77957,US,,,,,,
Hwy 183 - Goliad,3472753,348 E Pearl St,,"Goliad,",TX,77963,US,,,,,,
Hwy 35 - Port Lavaca,3472544,1207 State Hwy 35 N,,"Port Lavaca,",TX,77979,US,,,,,,
Hwy 183 - Cuero,3472568,905 N Esplanade St,,"Cuero,",TX,77954,US,,,,,,
Davis & Sgt Ed Holcomb,3472912,2123 W Davis St,,"Conroe,",TX,77304,US,,,,,,
Hwy 336 & Hwy 75,3472654,802 N Loop 336 W,,"Conroe,",TX,77301,US,,,,,,
Hwy 242 & St Lukes,3472883,3073 College Park Dr,,"The Woodlands,",TX,77384,US,,,,,,
I45 - Willis,3473042,12721 Ih-45N,,"Willis,",TX,77318,US,,,,,,
FM 1488 & Conroe Huffsmith,3472941,6203 FM 1488 Rd,,"Magnolia,",TX,77354,US,,,,,,
FM 2978 & Woodlands,3472981,30330 FM 2978 Rd,,"Magnolia,",TX,77354,US,,,,,,
Sawdust & Budde,3472624,316 Sawdust Rd,,"Spring,",TX,77380,US,,,,,,
Hwy 157 & Mouser,3472439,1221 Highway 157 N,,"Mansfield,",TX,76063,US,,,,,,
Hwy 360 & Broad,3473044,3320 E Broad St,,"Mansfield,",TX,76063,US,,,,,,
I37 & Loop 1604,3472955,4125 S Loop 1604 E,,"San Antonio,",TX,78264,US,,,,,,
Gregory & 10th,3472414,417 E Gregory St,,"Pensacola,",FL,32501,US,,,,,,
Fairfield & Pace,3472975,1790 W Fairfield Dr,,"Pensacola,",FL,32501,US,,,,,,
Boomer & N3330,3472725,1001 North Boomer,,"Stillwater,",OK,74075,US,,,,,,
Northwest Hwy & Central,3472638,401 E Northwest Hwy,,"Grapevine,",TX,76051,US,,,,,,
Hwy 26 & Grapevine Mills,3472821,2000 State Highway 26,,"Grapevine,",TX,76051,US,,,,,,
Hwy 114 & Freeport,3472849,2900 N. Airfield Drive,,"Dallas,",TX,75261,US,,,,,,
Hwy 121 & Glade,3472890,1201 West Glade Road,,"Euless,",TX,76039,US,,,,,,
University & Church,3472656,528 University Blvd,,"Galveston,",TX,77550,US,,,,,,
Stewart & 61st,3472424,6327 Stewart Rd,,"Galveston,",TX,77551,US,,,,,,
Palmer Hwy & Logan,3472412,2411 Palmer Hwy,,"Texas City,",TX,77590,US,,,,,,
I45 - LaMarque,3472740,6300 Gulf Freeway,,"La Marque,",TX,77568,US,,,,,,
FM 544 Murphy,3473004,301 E FM 544,,"Murphy,",TX,75094,US,,,,,,
Hwy 78 - Sachse,3472926,5060 State Hwy 78,,"Sachse,",TX,75048,US,,,,,,
Firewheel & Pleasant Valley,3472831,2545 Firewheel Pkwy,,"Garland,",TX,75040,US,,,,,,
Hwy 66 & Darlock,3473040,8700 Lakeview Pkw.,,"Rowlett,",TX,75088,US,,,,,,
I30 - Rockwall,3472660,1070 I-30,,"Rockwall,",TX,75087,US,,,,,,
Hwy 121 - The Colony,3472818,4687 State Highway 121,,"The Colony,",TX,75056,US,,,,,,
Hwy 75 & Pecan Grove,3472999,3609 N US Highway 75,,"Sherman,",TX,75090,US,,,,,,
Austin & Crawford,3472602,231 South Austin,,"Denison,",TX,75020,US,,,,,,
Hwy 82 & Hwy 377,3473085,1001 Hwy 82 E,,"Whitesboro,",TX,76273,US,,,,,,
Bus 70 - Durant,3473059,3505 W Main St,,"Durant,",OK,74701,US,,,,,,
New Boston & Robinson,3472679,2727 New Boston Rd,,"Texarkana,",TX,75501,US,,,,,,
State Line & 42nd,3472644,4110 N State Line Ave,,"Texarkana,",AR,71854,US,,,,,,
